id,studentId,batchId,paid,isRead,createdAt
00e209e4-2dd6-4462-86ad-5896a387dad7,cmpxchii80002l60436va7k3y,cmpigctvg0000i60456sxp4gt,false,true,2026-06-03 00:45:24.848
0206c580-c196-4257-b172-b3d1b5397c5a,cmqj4t1rb0002l4046kt7w8c0,cmq4trtgc0000jv04zb4ys2rm,true,true,2026-06-18 06:41:21.959
04a4f035-6691-490c-a15f-c18e1c589ed2,cmrq9gv2y0008js0430sy9iii,cmqw8vwhi0000jp041gsg24q8,false,true,2026-07-18 11:05:57.082
04c2b8c8-6aeb-48c1-8a84-5d8415c81449,cmre9x31h0002kz04hmti1kbi,cmr4qaf4s0000lb04ubn1ktlo,false,true,2026-07-10 01:45:19.781
0505f2b8-acd9-4d40-b840-ac1b577a046f,cmsboqtq50002l804ytkww5lp,cms05m2qh0000l5045gmughkm,true,true,2026-08-02 10:56:45.59
054d81be-4dfd-4af0-8bbb-7288fa6e9a7e,cmri6a85s0002ld04ba8soukm,cmr4qaf4s0000lb04ubn1ktlo,true,true,2026-07-12 19:14:39.184
063c7c77-bda2-48d3-b4eb-08b65e7615c5,cmr1ys6ij0002jr04e7y8ukhx,cmqmenrlp0000jv04j1xly1hq,true,true,2026-07-01 11:00:21.115
0727dc14-630d-4815-94eb-af7f8eefb4c5,cmrfdwjy40002l104l2bpb49v,cmr4qaf4s0000lb04ubn1ktlo,true,true,2026-07-10 20:24:39.676
079932a9-15e3-4c80-9374-dfad1eae5b8f,cmrkgdkn10002jr04ytiln4ix,cmqs86s2h0000jr04ir8qdft8,true,true,2026-07-14 09:32:43.837
0af481c5-ad4c-4823-ae34-e0cbe40d78a9,cmrlwskti0002jl04tuweasao,cmrj4maoy0000jp04azdi1kbb,true,true,2026-07-15 10:00:03.942
0ca6545c-203d-44cf-bcc0-2be31e7ceab7,cmrytukw90002lb04ergtg9tq,cmrx1uju40000l90434dr22kr,false,true,2026-07-24 10:58:38.793
0eccb851-86d5-4408-9c4c-4132fc519d40,cmquivl9y0002l404xhel0nvr,cmqmenrlp0000jv04j1xly1hq,true,true,2026-06-26 06:00:43.126
0f23b4d9-b279-42bb-a722-6ea4186a536b,cmrf38dbe0002jr04jnkhgfh4,cmr4qaf4s0000lb04ubn1ktlo,true,true,2026-07-10 15:25:55.178
0f8d79ce-0df6-4dee-810c-3e57145c4406,cmsk8t96u0002l7046v1b7e8j,cmsfw0h6g0003l804o6nzmp6m,true,true,2026-08-08 10:40:40.902
104ea679-ffc3-4e25-9ea1-3ddca3ffb194,cmr0jo1410002l804u5q8xase,cmqmenrlp0000jv04j1xly1hq,true,true,2026-06-30 11:09:27.073
111e4c8b-c7bd-440e-9091-647f533a8cc6,cms2o0y640002l904aa77vn8d,cmrx1uju40000l90434dr22kr,false,true,2026-07-27 03:26:42.941
1327701d-3208-4ed5-9106-340c30010108,cmrantmiw0003jv04k7a583x3,cmqs86s2h0000jr04ir8qdft8,true,true,2026-07-07 13:03:28.329
13c0804a-0354-49ff-be76-b07576f0ad34,cmrz7romd0005jp04olnt8usy,cmrx1uju40000l90434dr22kr,false,true,2026-07-24 17:28:18.278
13c39571-2400-4909-9eab-f8335ceb9cd8,cmrqbkh2v0002js04tygmmmua,cmrj4maoy0000jp04azdi1kbb,false,true,2026-07-18 12:04:44.791
1475091f-0dc4-4fb9-b611-664a6e541b8c,cmsa8j25c0002id04p3jmavr4,cms05m2qh0000l5045gmughkm,true,true,2026-08-01 10:35:03.456
14a830f8-0811-4f60-919e-30f52ab8483b,cmqt97iww0005jo040nlemxax,cmqmenrlp0000jv04j1xly1hq,false,true,2026-06-25 08:42:17.6
1543c98f-35d5-4755-a6fa-68dbc1ec6e3e,cms6b3icq0004l904bzn7xl4s,cms05m2qh0000l5045gmughkm,false,true,2026-07-29 16:35:51.895
158206ea-c974-4608-8f16-d60ae009a651,cmpjuniyf0002ld047ie2wlkb,cmpigctvg0000i60456sxp4gt,false,true,2026-05-24 14:05:11.991
175b9e32-de0a-4467-9216-151d4d35506d,cmsdanala0002ii04odbbazbk,cms05m2qh0000l5045gmughkm,true,true,2026-08-03 13:57:38.782
17e7833c-633b-4aaa-b0fe-c36950b9e8c1,cmpim8hf20002i904cvtmh12i,cmpigctvg0000i60456sxp4gt,false,true,2026-05-23 17:21:47.054
1862c8fc-3e60-49d4-8b93-4d032bad9807,cmryj1y7v0002l104xreypub2,cmrx1uju40000l90434dr22kr,false,true,2026-07-24 05:56:26.875
192441f0-6e2a-4c66-a845-635bca959c36,cmpza2bhj0003l704shimnu36,cmpigctvg0000i60456sxp4gt,false,true,2026-06-04 09:13:09.032
192d7a85-d85d-45ce-a87f-a9f4d22cc9c9,cmpkw57f70002jf04wniwxsnv,cmpblfjl10000l204e2inoxr5,false,true,2026-05-25 07:39:15.728
19adebe6-f829-49c0-b323-7903c8ad6214,cmpwg0p6w0002le04zc9da25j,cmpigctvg0000i60456sxp4gt,false,true,2026-06-02 09:36:32.649
19d149d5-ca51-45e8-8498-86038b702b9a,cmsivwp150002ky04r8yy8dzk,cmsfw0h6g0003l804o6nzmp6m,false,true,2026-08-07 11:51:40.217
1a969d7c-610f-4a87-a880-e7b7c14373d9,cmr92i8n00002ib040bbing1x,cmqs86s2h0000jr04ir8qdft8,false,true,2026-07-06 10:18:59.004
1aa0f63f-85f3-4c74-b317-ffb00e4cc244,cmsanlg370002l104nnexfdvr,cmrx1uju40000l90434dr22kr,true,true,2026-08-01 17:36:49.075
1ae2b3d5-f14b-41af-894a-8abbe6b74fe0,cms6azlea0002jl04qlmypwax,cmrx1uju40000l90434dr22kr,false,true,2026-07-29 16:32:49.426
1d2083f0-5eae-42ea-b054-a40c2279878e,cmq133n4r0003kz04vvgsocu2,cmpigctvg0000i60456sxp4gt,false,true,2026-06-05 15:33:45.819
21cc6481-7917-4015-bfee-c31c36eadf94,cms6e420j0002jt04ry8p6jyz,cmrx1uju40000l90434dr22kr,true,true,2026-07-29 18:00:16.435
224e9650-0957-465c-8976-9ec857bb7b28,cmq1asmiy0002ib049yzunfyw,cmpigctvg0000i60456sxp4gt,false,true,2026-06-05 19:09:08.746
22b36947-4d01-484b-a99d-910d0df2074b,cmqz3yb0t0003l104rdo0h15u,cmqmenrlp0000jv04j1xly1hq,true,true,2026-06-29 11:01:46.445
23895161-edd5-42f5-9492-22c92279705a,cmpe61mur0005kz04b03uoewv,cmpcajvdb0000l504o20iut2j,false,true,2026-05-21 14:47:54.845
25c07131-8568-4bd2-8aaf-4a4a2832575b,cms9bf7dn0002lf04k32zw8x6,cmrx1uju40000l90434dr22kr,false,true,2026-07-31 19:08:16.283
260248e0-2564-48c6-9d70-d9e71049d3f2,cmr0oasds0002l204iqgj0z8h,cmqmenrlp0000jv04j1xly1hq,true,true,2026-06-30 13:19:07.313
261be8ed-dd2e-4d21-822d-a069f6d6278c,cmria79ig0002jo04su0i3l0w,cmr4qaf4s0000lb04ubn1ktlo,true,true,2026-07-12 21:04:19.432
2686331f-b52f-442a-83c2-32f3b2592c64,cmpduu2360004jj04lo8x7h59,cmpblfjl10000l204e2inoxr5,true,true,2026-05-20 09:23:39.666
26eb4a54-4120-4ea3-8c9e-e47b2e17015c,cmr98xlej0002ky04zxwy6j4v,cmr4qaf4s0000lb04ubn1ktlo,false,true,2026-07-06 13:18:53.083
27911729-5f75-45c1-966a-42728633e79a,cmrnd5w6v0002jo04qvuy3c6g,cmrj4maoy0000jp04azdi1kbb,true,true,2026-07-16 10:26:05.24
282b2a7b-ad58-4ee6-80cb-aec842aa201a,cms8ya9d00002l704fw9hx2tk,cms05rk2r0000la04eucpumzy,true,true,2026-07-31 13:00:30.564
293db594-84ea-4f94-aa43-6b6a694da07d,cmrlq0q020002js04vnwahqa1,cmrj4maoy0000jp04azdi1kbb,false,true,2026-07-15 06:50:26.594
2b1b3584-db5d-4a21-a1a4-bbea29a27261,cmrtiarft0002jr0421nl252o,cmrj4maoy0000jp04azdi1kbb,true,true,2026-07-20 17:36:27.497
2bb1835e-c3f4-47f7-9f68-d7065de528d7,cms8kw8ho0002la04wj0n9vng,cmrx1uju40000l90434dr22kr,true,true,2026-07-31 06:45:41.244
2c74ed6f-f368-4d60-b8e7-972ebdc735bd,cms0a762w0002l704o1pdam2q,cmrx1uju40000l90434dr22kr,true,true,2026-07-25 11:24:06.152
2d6736db-03c5-4d07-9f12-9deb2a4ce45a,cmrsw1yse0004la04uweyz875,cmrj4maoy0000jp04azdi1kbb,true,true,2026-07-20 07:13:45.566
2dbe9601-e4c3-42ed-812a-0b89d10fb6b8,cmrnuuvj30002ju04s5jcxqm0,cmqs86s2h0000jr04ir8qdft8,false,true,2026-07-16 18:41:24.255
2e6ea525-8c9d-419e-8059-14c175b890c0,cmrreza220002jo04vcqt5gai,cmrj4maoy0000jp04azdi1kbb,false,true,2026-07-19 06:28:00.554
2e8366c6-977a-43e4-8736-449ce6173de1,cmq0u3rmi0002jj04uzju0j00,cmpigctvg0000i60456sxp4gt,false,true,2026-06-05 11:21:55.098
2f835ec8-80ce-4bed-b278-342f0f42765a,cmquroemw0002ju04nuuuofpm,cmqmenrlp0000jv04j1xly1hq,false,true,2026-06-26 10:07:04.473
3036f411-9ca9-4b09-96c3-3166bd15254e,cmq29ov8j0002la04iumrz9ti,cmpigctvg0000i60456sxp4gt,false,true,2026-06-06 11:25:59.971
30e7b191-fd28-406f-885a-1023ae586440,cmph11zqc0002k104qd7jh6bu,cmpblfjl10000l204e2inoxr5,true,true,2026-05-22 14:41:06.084
311c4940-5873-4de4-ae9f-5eb9e13c6e8d,cmrow2u6t0002ld04nfz5z6so,cmrj4maoy0000jp04azdi1kbb,false,true,2026-07-17 12:03:21.557
352f3d91-f077-4707-ad85-e1b9f09d551a,cmq753cia0002jo04djyqdg8k,cmq4tubg50001jv04zkahc11j,true,true,2026-06-09 21:16:08.339
353abe5d-d9e7-4673-9a5f-9d67cc64d57c,cmqiab6w70003i9042v6rbyu8,cmq4trtgc0000jv04zb4ys2rm,false,true,2026-06-17 16:27:40.328
37b10175-8411-428b-9a5b-ef6f54fb5696,cmrl17xaq0002i604002gksm1,cmrj4maoy0000jp04azdi1kbb,false,true,2026-07-14 19:16:12.243
38b3ab7a-aba0-4de3-8642-283ec7ec340f,cmsq8fj620002l1043h883dhd,cmsfw0h6g0003l804o6nzmp6m,false,true,2026-08-12 15:16:37.706
3a3bf054-2b6b-4fb0-947d-d03ca831bc61,cmpue3zfj0002l704ft7lczh9,cmpigctvg0000i60456sxp4gt,false,true,2026-05-31 23:07:34.303
3a8066eb-6ee1-4890-92d6-21f16b2e2ccf,cmrh3juty0002l504ww0q4ecz,cmr4qaf4s0000lb04ubn1ktlo,true,true,2026-07-12 01:10:23.446
3acce857-92d1-465b-ac06-b72d799b233a,cmsc2ivjd0002jy04axlg0093,cms05m2qh0000l5045gmughkm,true,true,2026-08-02 17:22:29.546
3cc35211-a50a-427c-9ebe-84f0074c808b,cms3li9i30002l704uwejtvgo,cms05rk2r0000la04eucpumzy,false,true,2026-07-27 19:03:58.107
3e0566d7-ad73-4c37-ac50-beff76297b2d,cmricgoew0005l704iqzqltw8,cmr4qaf4s0000lb04ubn1ktlo,false,true,2026-07-12 22:07:37.881
3eb80a2c-80ee-4dc8-8e2c-ba4b237653b2,cms6376hm0002la04ztli6huv,cms05m2qh0000l5045gmughkm,true,true,2026-07-29 12:54:46.427
40fa67af-beab-4de8-beeb-7c5a70ad3b91,cms7dv29f0002jr0458wttllt,cms05m2qh0000l5045gmughkm,true,true,2026-07-30 10:41:03.028
41aa50d9-93b8-49c5-b566-a0e9068b30fd,cms0dxrhv0002l204454l77jh,cms05m2qh0000l5045gmughkm,false,true,2026-07-25 13:08:45.811
41bb3a9a-5b23-4d21-9780-4deb88331047,cms8i7brd0002l104ud5wmh4l,cms05rk2r0000la04eucpumzy,false,true,2026-07-31 05:30:19.849
426c4251-bd11-4b61-ad1a-4bcab8324e55,cmq7nnmsf0002l504azeg3zrz,cmq4tubg50001jv04zkahc11j,true,true,2026-06-10 05:55:47.872
4331eecd-81c3-443b-8aa0-fb99f55a217e,cmpcojpcx0002kv04m61tb3dh,cmpblfjl10000l204e2inoxr5,true,true,2026-05-20 14:32:37.376
43a18321-7df2-4b76-9724-f4f90a29c0c7,cmrxkmsqo0002jp04tixt3w3p,cmrx1uju40000l90434dr22kr,true,true,2026-07-23 13:52:52.992
441a9751-569e-4788-a794-01de66d07e90,cms7zc72f0002ju045ibrro97,cmrx1uju40000l90434dr22kr,false,true,2026-07-30 20:42:14.343
441bb14a-7b40-4b3a-b718-84c3f0ae7e30,cmrg5ptpf0002ib041q5mubpl,cmr4qaf4s0000lb04ubn1ktlo,true,true,2026-07-11 09:23:14.979
446c0d78-ab10-40ed-9400-9be0f090fb9d,cmsd0t5z00002jo04vli9hdsd,cmrx1uju40000l90434dr22kr,true,true,2026-08-03 09:22:16.572
44cf77da-e103-47e2-86bc-0e1297d22cc6,cmqdmjo8t0002l704merb7m3g,cmq4trtgc0000jv04zb4ys2rm,true,true,2026-06-14 10:11:20.574
45790053-bd8f-4534-825a-7cec432e9e5d,cmsdbx9v40007l804g94ikzeh,cms05m2qh0000l5045gmughkm,true,true,2026-08-03 14:33:23.195
45a778d3-c834-4542-a6a0-f54d64eca718,cmrhqe0qr0002l404u2gsgizo,cmr4qaf4s0000lb04ubn1ktlo,true,true,2026-07-12 11:49:42.34
45ac47d4-9cbe-434c-9784-884bffbaaa16,cmqtuac200002l404zpk0u502,cmqmenrlp0000jv04j1xly1hq,true,true,2026-06-25 18:32:20.617
460c8eb4-7bd6-480e-afb2-1ba49ec94f53,cmrx8zmis0005jr043hr6y3ua,cmrx1uju40000l90434dr22kr,false,true,2026-07-23 08:26:56.069
464a2656-2055-45ba-b007-ee49df951616,cmpl0za270002jv042wwkh96a,cmpblfjl10000l204e2inoxr5,false,true,2026-05-25 09:52:45.742
47620571-67c4-4369-82f5-578a6535830b,cms97wa6v0002lf04bhszkv26,cms05m2qh0000l5045gmughkm,false,true,2026-07-31 17:29:34.615
49c22580-5feb-47a6-b2ed-2398949c2167,cmpvuqya60003jp04vmeokbsf,cmpigctvg0000i60456sxp4gt,false,true,2026-06-01 23:41:05.934
4a0fb21d-4786-46d3-a89e-841b321c3796,cms5z31nl0002ji05bwazqx2x,cms05m2qh0000l5045gmughkm,false,true,2026-07-29 10:59:35.074
4a3bed17-662e-41e2-ad2a-8ad2e41748ca,cmsg1fq3n0002l704e0a90nut,cms05m2qh0000l5045gmughkm,true,true,2026-08-05 12:03:07.619
4b13b46a-e0d1-40e5-ad60-74bd4a17aac9,cmrm94lv40002l904749h87vi,cmrj4maoy0000jp04azdi1kbb,true,true,2026-07-15 15:45:19.006
4b379490-107f-4f22-b345-0cf66b17088a,cmr83jxvq0002ic04179a22d0,cmr4qaf4s0000lb04ubn1ktlo,false,true,2026-07-05 18:00:31.814
4b753bbf-f996-4854-93a5-fb8f027e6371,cmrqbpee70005js04qmkh6apj,cmrj4maoy0000jp04azdi1kbb,true,true,2026-07-18 12:08:34.592
4c23174b-bb60-404a-bdf2-ba2704e75d62,cms4me1pz0002lc04htd9js2c,cmrx1uju40000l90434dr22kr,false,true,2026-07-28 12:16:27.191
4ded51b0-21b7-4d6d-9b2e-7b7a1e9ad8c2,cmpqrzejh0002la0440287y8t,cmpigctvg0000i60456sxp4gt,false,true,2026-05-29 10:24:50.525
4e4eb649-1809-4484-8ef5-235364b8e024,cmqyo3wrx0002jp049biqtab9,cmqmenrlp0000jv04j1xly1hq,false,true,2026-06-29 03:38:14.062
4eb81369-5f3e-41c2-a567-d1b8fd198a51,cmq5u0cul0002l804996gcdpl,cmq4tubg50001jv04zkahc11j,true,true,2026-06-08 23:18:06.861
4f054f7a-7a56-43a9-830f-df0f41f015df,cmpsz14jh0002jm05b9rz1q2c,cmpigctvg0000i60456sxp4gt,false,true,2026-05-30 23:17:40.541
4fb5ff8c-9f15-4ba7-88bc-423f3ef23ee8,cms66dph30004kw04m82jlemp,cms05m2qh0000l5045gmughkm,true,true,2026-07-29 14:23:49.816
50570512-1c2e-4272-a5a0-7730327923a2,cmripyjm20002l104yiisw3su,cmr4qaf4s0000lb04ubn1ktlo,true,true,2026-07-13 04:25:26.474
51716b62-26b7-4719-ae27-994b5d6f01bd,cmqx3dzlk0002l404wq2m2tyr,cmqw8vwhi0000jp041gsg24q8,false,true,2026-06-28 01:10:26.168
52932e91-7767-4adb-bfb3-0913f7dae1e7,cmqgbnnb10004jy04weanzacn,cmq4trtgc0000jv04zb4ys2rm,true,true,2026-06-16 07:29:48.733
53447f45-7088-4e8d-89ea-cd64a4fccc7a,cmqjwwjag0002l504v3mqtcv2,cmq4trtgc0000jv04zb4ys2rm,false,true,2026-06-18 19:47:53.897
535bd3e5-ec6d-40e9-ab3a-7c42a6a29336,cmpmhti1y0002jr04sr7qkt8v,cmpigctvg0000i60456sxp4gt,false,true,2026-05-26 10:29:14.278
55249bb1-faed-4eb7-9219-53cc90fa911f,cmrujd9r40002l704h4eug5m8,cmrj4maoy0000jp04azdi1kbb,false,true,2026-07-21 10:54:10.337
5639970a-5d38-4994-987a-6aff8f291a1e,cmquxt2km0002l804o6tactu1,cmqmenrlp0000jv04j1xly1hq,true,true,2026-06-26 12:58:39.814
564c9dc5-9f48-46de-a0f2-b28aff64b10d,cmqy7gnx60002k104790ubqqb,cmqw8vwhi0000jp041gsg24q8,false,true,2026-06-28 19:52:15.642
569dd05a-d46e-4a3e-b959-77a504a1a291,cmpvgpbic0002l504ko3fmp5i,cmpigctvg0000i60456sxp4gt,false,true,2026-06-01 17:07:55.14
582def48-0224-4300-b8c8-41816416d8cd,cmrs7mej80002jl040uczgkzn,cmrj4maoy0000jp04azdi1kbb,false,true,2026-07-19 19:49:48.692
5ae91c8f-7fe1-4b29-8ec0-bf3785e44584,cmqov6cym0002la05vcw5cpk1,cmqmenrlp0000jv04j1xly1hq,false,true,2026-06-22 06:58:23.903
5c0ef901-f35a-48a1-a37b-199a3a432645,cmritc0kk0002jo04lcwlo4j9,cmr4qaf4s0000lb04ubn1ktlo,false,true,2026-07-13 05:59:53.828
5c4bffd8-f3cf-45db-af9f-0779ee9f47d1,cmq6r14vw0004ik04oyzukkko,cmq4tubg50001jv04zkahc11j,true,true,2026-06-09 14:42:30.524
5ccd2635-7990-4a6d-a1e1-37ead51decf1,cmpsuh7ns0003l204c1t5lptk,cmpigctvg0000i60456sxp4gt,false,true,2026-05-30 21:10:13.001
5d3da9a2-c57a-4d7d-9c27-32ba3adbbcc4,cmr0u5fc90002l704ruh0atu0,cmqmenrlp0000jv04j1xly1hq,true,true,2026-06-30 16:02:54.825
5e480a07-68ca-421f-be82-43a4526093f4,cmqw3xz7q0002ju047vsnym5p,cmqmenrlp0000jv04j1xly1hq,true,true,2026-06-27 08:38:12.614
5e6e4cb3-203a-4095-8786-b56fe43d22e6,cmqxytjax0002l204t1o631om,cmqmenrlp0000jv04j1xly1hq,true,true,2026-06-28 15:50:19.642
5f7c04e2-706c-41c2-aa6e-a24dbcbec5f4,cms7ih2m40002jn04kym6dgzq,cmrx1uju40000l90434dr22kr,true,true,2026-07-30 12:50:08.381
5fb522dc-9b06-4956-8994-ab9b3fd7d477,cmputq4ll0002ji04440xizk4,cmpigctvg0000i60456sxp4gt,false,true,2026-06-01 06:24:41.673
61ab66bf-9a81-461e-9e18-796696bdf99a,cmq6bex6u0002ie048mwvd3mp,cmq4tubg50001jv04zkahc11j,true,true,2026-06-09 07:25:19.878
61ac7b69-fe2c-4d39-afb2-b6b3ab919e34,cmrzh9vz00002l404k6coo5vn,cmrx1uju40000l90434dr22kr,false,true,2026-07-24 21:54:24.157
61bdfb9d-e644-4dce-908c-edb3e4f36a1f,cmqph3l7b0002jp04soag834l,cmqmenrlp0000jv04j1xly1hq,false,true,2026-06-22 17:12:06.168
6253e193-553c-4316-b838-9a13b43abd2f,cmqjxqi2f0002jo04qk1k2ct1,cmq4trtgc0000jv04zb4ys2rm,false,true,2026-06-18 20:11:11.992
62a945c0-4af4-4ab5-b32a-ae50fe2e433f,cmrs2f0qk0002jv0497kcxn7u,cmrj4maoy0000jp04azdi1kbb,false,true,2026-07-19 17:24:06.14
63053999-9f3a-437f-af4f-cac001718cce,cmpz99dh30003l40439hppwyg,cmpigctvg0000i60456sxp4gt,false,true,2026-06-04 08:50:38.583
660a255e-94be-4581-bd77-b725bef0e0f4,cmq6ih0kg0002ic0420xl3hil,cmq4tubg50001jv04zkahc11j,true,true,2026-06-09 10:42:54.881
675ec49a-cf54-4567-95a2-529fe82dad4b,cmrn7s7hn0002l104a72jkomk,cmrj4maoy0000jp04azdi1kbb,true,true,2026-07-16 07:55:28.619
67c1fbe4-4a56-4532-bdb3-3eeb52678588,cmq85zdrr0002i6042luofpbc,cmq4tubg50001jv04zkahc11j,true,true,2026-06-10 14:28:49.143
68569bb9-4870-41cd-8a67-9579eca5bc43,cmrxf3fwx0003l1042ybiayjm,cmrx1uju40000l90434dr22kr,false,true,2026-07-23 11:17:51.826
68bdff6d-6d21-41c7-b232-40c58389b112,cmrl468cy0002ky04y5ad0qo0,cmrj4maoy0000jp04azdi1kbb,false,true,2026-07-14 20:38:52.114
6d7314bc-a328-497a-8f0a-4d8b43635fe2,cmr98666e0002l404uuwdsv6e,cmr4qaf4s0000lb04ubn1ktlo,true,true,2026-07-06 12:57:33.638
6e0f98d8-a34d-4f2b-8758-f5247b8b7635,cmqdidzpk0002im04jcwn7qy0,cmq4trtgc0000jv04zb4ys2rm,true,true,2026-06-14 08:14:57.033
6f514e8f-8466-49fb-adc0-675a0f2bb6f6,cmpm51hg00003l704dfgyqngp,cmpigctvg0000i60456sxp4gt,false,true,2026-05-26 04:31:31.729
70bc42b9-dcc2-4642-a6d5-42285dc87f25,cmr0qgopt0002l404etcwrq3i,cmqmenrlp0000jv04j1xly1hq,true,true,2026-06-30 14:19:41.73
714b2281-2f84-47ab-8ac3-da6a45f73114,cmr1wtifr0002l504o8jhhmxr,cmqmenrlp0000jv04j1xly1hq,true,true,2026-07-01 10:05:23.991
71bd8f71-817b-4cb9-abca-6cab5532c726,cmryo1ftn0006i504xdtdwxx3,cmrx1uju40000l90434dr22kr,true,true,2026-07-24 08:16:01.115
729e9b77-831b-4083-b19e-f10c5afce271,cmq3w09vy0004l404egw44cjf,cmpigctvg0000i60456sxp4gt,false,true,2026-06-07 14:38:29.902
72d67fd3-aff4-4345-bae1-b8ed2f7f4d7a,cmsqgjq3y0002jm04cejvrbg0,cmsfw0h6g0003l804o6nzmp6m,false,false,2026-08-12 19:03:50.255
7352f9d5-be15-40cf-9638-5cffc382af16,cms67n0g60002jr04wrjcopn4,cms05m2qh0000l5045gmughkm,true,true,2026-07-29 14:59:03.558
74b5bec1-2851-41a4-b9e6-0364a984062a,cms2xytg20002js046f90286k,cms05m2qh0000l5045gmughkm,true,true,2026-07-27 08:04:59.667
74fc7e29-306f-43a7-8511-09c47cf0e918,cmrhnsigs0002l8044a64a2zo,cmr4qaf4s0000lb04ubn1ktlo,true,true,2026-07-12 10:36:59.644
77040b64-bde6-4778-90e3-abb6883add9a,cmpcwvcx10002l704yk43k47g,cmpblfjl10000l204e2inoxr5,true,true,2026-05-19 17:32:53.413
77149209-1e0a-4b05-9ef6-e31300945476,cmq6ww1ue0002l504eegfhesc,cmq4tubg50001jv04zkahc11j,true,true,2026-06-09 17:26:30.998
77dc9d29-3514-45b6-947b-02face8f350f,cmq2a5te30005jo0412e6creg,cmpigctvg0000i60456sxp4gt,false,true,2026-06-06 11:39:10.731
7a435ff0-86ba-492a-b98b-562c3d82c110,cms92aewu0004k3046cl5lkwz,cmrx1uju40000l90434dr22kr,true,true,2026-07-31 14:52:36.222
7b4e5f92-7419-4a75-a066-311caab64637,cms4vf3r70002lj04280ut7we,cmrx1uju40000l90434dr22kr,true,true,2026-07-28 16:29:13.027
7d1294e9-21a0-4503-a0e4-5c754efb2ec8,cmskjyee20002la04kz4xkfn1,cmsfw0h6g0003l804o6nzmp6m,false,true,2026-08-08 15:52:36.699
7d53641d-e02d-4917-833a-bd6b2f2551df,cmruds4dn0002jo040jhjzluj,cmrj4maoy0000jp04azdi1kbb,true,true,2026-07-21 08:17:45.515
7ecea780-c521-4b25-afb9-5ec35ff36241,cmq56oeh90002l4045g0d8srd,cmq4tubg50001jv04zkahc11j,true,true,2026-06-08 12:24:57.933
7faf321f-980e-42c6-bd69-c5e39bed7f15,cms8ty0t30005ld045zv91s1t,cms05m2qh0000l5045gmughkm,true,true,2026-07-31 10:59:01.143
7ff8a7ba-8517-444f-9214-5c523fcd02f5,cmrysabr80005jo044i56i71c,cmrx1uju40000l90434dr22kr,true,true,2026-07-24 10:14:54.213
801b0c43-059f-4fc6-90a0-7967fef0b56e,cmricfhv90002l704wkg36lf5,cmqw8vwhi0000jp041gsg24q8,false,true,2026-07-12 22:06:42.741
821a1b6a-8bc2-4b9b-b2dd-2ffc972a6af3,cmrsv2x8e0002ib04lie4r2au,cmqw8vwhi0000jp041gsg24q8,false,true,2026-07-20 06:46:30.59
8222cb57-1819-4571-9452-3aaedb8697cf,cmsandl0n0002l704kzjl56se,cmrx1uju40000l90434dr22kr,false,true,2026-08-01 17:30:42.215
83ed497e-9978-46cc-9a4d-72b27ede189e,cmrovcl990002lf0497nel1wl,cmrj4maoy0000jp04azdi1kbb,false,true,2026-07-17 11:42:56.925
840872aa-3550-4352-9735-6e72b1555779,cmsov00r70002ld042hbesdr4,cmsfw0h6g0003l804o6nzmp6m,false,true,2026-08-11 16:12:52.82
8527af2d-7fc0-4d9c-a4f0-c798d1727d5e,cmr3d2ais0002i80446vb0hcb,cmqmenrlp0000jv04j1xly1hq,true,true,2026-07-02 10:27:53.668
86994f78-5107-47e2-a537-2f7da21c92b6,cmrgco9rb0002l404qrxmett7,cmr4qaf4s0000lb04ubn1ktlo,false,true,2026-07-11 12:37:59.783
87c0bc77-d87b-4ea6-8151-94715dc19f4a,cmsoz10nu0002ky04benm3dm9,cms05rk2r0000la04eucpumzy,true,true,2026-08-11 18:05:37.819
8808629a-0f55-4ef0-8585-44cf9b68edff,cmrbukyw60002lc04ic2ghnwn,cmr4qaf4s0000lb04ubn1ktlo,false,true,2026-07-08 09:00:27.943
887b9c29-a8ba-40e4-81a3-93735213a902,cmpl0c4o70002jl04icmbagu8,cmpigctvg0000i60456sxp4gt,false,true,2026-05-25 09:32:04.135
890c4c19-27b2-44f0-b24b-960803d864ba,cmq6gg6460002l404lqom5gpq,cmq4tubg50001jv04zkahc11j,true,true,2026-06-09 09:46:16.182
8aa106ab-3330-4d60-ac80-ea31aafd3d57,cmrh2y03y0002l104jodwz1v7,cmr4qaf4s0000lb04ubn1ktlo,false,true,2026-07-12 00:53:23.854
8b691bf9-c6c1-4cd7-95f2-318ee375b9f9,cmpwl6ys20005kq048gp37bxl,cmpigctvg0000i60456sxp4gt,false,true,2026-06-02 12:01:23.091
8da52af7-a105-463b-b26e-93bcaee366d0,cmsfw0dwe0002l804xfewfk0d,cms05m2qh0000l5045gmughkm,true,true,2026-08-05 09:31:13.886
8e5a148a-6bf6-47cb-ae51-5492d65c0565,cmpxre4r50005l204ba4qiqc0,cmpigctvg0000i60456sxp4gt,false,true,2026-06-03 07:42:41.297
8ef236fe-51f0-4976-939a-1c924038f583,cmsa51c7h0002l704gp94x2j0,cms05m2qh0000l5045gmughkm,true,true,2026-08-01 08:57:17.837
8ffac80f-c559-4190-adad-751b9cdd031c,cmpuvxat90003l10438uoncwy,cmpigctvg0000i60456sxp4gt,false,true,2026-06-01 07:26:15.55
90c46876-1926-416e-be62-2d0f96827faa,cmrfaf3qc0002jl04rpo06rqb,cmr4qaf4s0000lb04ubn1ktlo,false,true,2026-07-10 18:47:06.661
9177255b-8ea1-4aec-acdc-8bdc3d06819a,cms0pjd8n0002l904zkacl8g3,cmrx1uju40000l90434dr22kr,true,true,2026-07-25 18:33:29.543
97519bb3-7be5-40da-8e42-e5ac159ce14f,cmrzglxzw0002jo049tidzc31,cmrx1uju40000l90434dr22kr,true,true,2026-07-24 21:35:47.037
978a5fe3-1e45-4c93-9fab-3057365c7111,cmpt9e2f20003jo04bwu2lpsi,cmpigctvg0000i60456sxp4gt,false,true,2026-05-31 04:07:40.478
9aedf252-6709-44d2-9a8c-ef4ac6ce54bc,cmrj03ccy0002jo04x0b65keu,cmr4qaf4s0000lb04ubn1ktlo,true,true,2026-07-13 09:09:06.514
9b06fcf8-a596-4f7f-87a6-cc681c6296a2,cmrnqnv570002ig04fhdkafu8,cmqs86s2h0000jr04ir8qdft8,false,true,2026-07-16 16:43:58.7
9bbcd104-5031-49c8-a6b8-b90c7fd81845,cmq5avc5k0002lb04bbnc079s,cmq4tubg50001jv04zkahc11j,true,true,2026-06-08 14:22:19.977
9ce2174b-ee69-4c1d-ba95-53ff132fcac8,cmsf5cjlj0002jx045wb8ieq8,cms05rk2r0000la04eucpumzy,false,true,2026-08-04 21:04:51.511
9e68edc2-29fb-4de0-932c-8cedfe4cc27b,cmptz2o4n0002jr048j33kob7,cmpigctvg0000i60456sxp4gt,false,true,2026-05-31 16:06:38.759
9ea562cb-87d6-4f54-acc9-891ef276e7b5,cmpivs5yh0002kw04ii1bf3hj,cmpigctvg0000i60456sxp4gt,false,true,2026-05-23 21:49:01.865
a02508bf-ce9c-4cd5-91c8-1db3dc4f4c95,cmrbuwkmk0002ji04ruicgh2w,cmr4qaf4s0000lb04ubn1ktlo,true,true,2026-07-08 09:09:29.324
a0eacad0-b456-4297-a018-61aafb6a1f03,cmrgqkmcm0002k004imfxv07n,cmqs86s2h0000jr04ir8qdft8,false,true,2026-07-11 19:07:04.102
a1b744a7-b7ad-4f7f-9dcc-e7d023e70557,cmrd8xf440002ih04b1lhmuum,cmr4qaf4s0000lb04ubn1ktlo,true,true,2026-07-09 08:29:49.636
a27ccb15-a014-4f38-adf0-b2850f22c1bb,cmq68srm40005ld04el5vxyug,cmq4tubg50001jv04zkahc11j,true,true,2026-06-09 06:12:06.989
a2afcd4c-6b52-468e-8456-91e186b01d35,cmrowr3ks0002ib04zw20yeqs,cmrj4maoy0000jp04azdi1kbb,true,true,2026-07-17 12:22:13.468
a301738e-653d-46aa-9e51-6a3b64b1b1ba,cmrhfx0oo0005h204m9oj0ppk,cmr4qaf4s0000lb04ubn1ktlo,true,true,2026-07-12 06:56:32.953
a373ac87-562a-4d5d-81a9-4cc204c84c2c,cmrxr8fg70002ih044kdrhp0g,cmrx1uju40000l90434dr22kr,true,true,2026-07-23 16:57:39.895
a49c5680-6899-4662-9062-2f55f78b04db,cmsbdvwqo0002ju047hy12er8,cmrx1uju40000l90434dr22kr,false,true,2026-08-02 05:52:47.232
a58341d5-8e07-4287-83f7-ad27261300f5,cmsmbiegw0005ju04ukic40kl,cmsfw0h6g0003l804o6nzmp6m,true,true,2026-08-09 21:31:45.728
a628921e-3d97-4d26-873d-d81389b8a597,cmpusjgfr0002kv04hzkgeldb,cmpigctvg0000i60456sxp4gt,false,true,2026-06-01 05:51:30.807
a6df2596-51e8-4dc7-9274-f3fb823a8f8d,cmphlokfx0002ie045f9swd5n,cmpblfjl10000l204e2inoxr5,false,true,2026-05-23 00:21:10.884
a755c287-ff30-4fcd-8f60-65514a527b3a,cmqz1xlch0002l204yakuvndo,cmqw8vwhi0000jp041gsg24q8,false,true,2026-06-29 10:05:13.938
a79be528-7a95-4a2a-be68-90b2c09bcf7c,cmpe22g0o0002le04xj2j2tuq,cmpblfjl10000l204e2inoxr5,true,true,2026-05-20 12:46:08.281
a7de010c-72ff-470a-b500-9c6366ae815d,cms6lnt2h0002jp043vtb0v8h,cms05m2qh0000l5045gmughkm,true,true,2026-07-29 21:31:35.274
a8a168dd-00e1-4b45-95ac-7c114f8d5360,cmqvsz19c0002jl04se0j0nu2,cmqmenrlp0000jv04j1xly1hq,false,true,2026-06-27 03:31:06.144
aa07061f-31b5-4450-9701-209ac12cefd5,cmpwy0iqk0002jo04gy25a9t8,cmpigctvg0000i60456sxp4gt,false,true,2026-06-02 18:00:17.372
aa17f276-4055-4190-8deb-59787059f5d1,cmr3ji7gf0002l104ats06p6m,cmqmenrlp0000jv04j1xly1hq,true,true,2026-07-02 14:51:15.109
aa96b302-e6e7-4288-8c76-cf7f1476bdde,cmqp0nc130002jp0509wnoxmw,cmqmenrlp0000jv04j1xly1hq,false,true,2026-06-22 09:31:33.928
aaa335d0-0d8e-431d-9ccc-1cab7ce3225c,cmq1upqs20002l404imo4nqls,cmpigctvg0000i60456sxp4gt,false,true,2026-06-06 04:26:46.61
aac17a27-73db-432f-b917-ef2cecf80205,cmq0l85jo0003k1040csdpx73,cmpigctvg0000i60456sxp4gt,false,true,2026-06-05 07:13:23.22
ae868a55-17a7-4822-8921-b4ab388de3b4,cmpcn6der0002kt04atr8glyq,cmpcajvdb0000l504o20iut2j,false,true,2026-05-22 15:11:43.98
b070bd21-9854-4195-99ec-c0c46c374b2c,cmrr8owe60002l404thbj9z4i,cmrj4maoy0000jp04azdi1kbb,false,true,2026-07-19 03:31:58.59
b109ceca-2e0e-4794-ad1e-2f4704ebc388,cmpuvae5l0002l8049uxh2lir,cmpigctvg0000i60456sxp4gt,false,true,2026-06-01 07:08:26.793
b16c1130-6aab-4f9b-a209-e682895e2bf7,cms8yu3ce0005l704ieo8of1m,cms05m2qh0000l5045gmughkm,false,true,2026-07-31 13:15:55.886
b18cfaa2-c714-4f8b-bda2-4769571d7a52,cmpfaouqm0002l5045nc3oc3y,cmpcajvdb0000l504o20iut2j,true,true,2026-05-21 09:35:16.894
b19261eb-d57b-4503-81ea-1c53d534a033,cmqrvrocq0002jo04oqmsb9aj,cmqmenrlp0000jv04j1xly1hq,false,true,2026-06-24 09:38:16.97
b2c3c35d-6ae9-4525-a945-7f9a3059a119,cms1h3z0m0002kv04tlf1cfmd,cms05m2qh0000l5045gmughkm,true,true,2026-07-26 07:25:20.518
b34e9d4c-069e-4186-b099-8688c60a4cd0,cms52wlgw0002jv04i8c3h30b,cms05m2qh0000l5045gmughkm,false,true,2026-07-28 19:58:46.449
b39be534-2636-4f02-9cb0-9b3375415af8,cmq59a5eh0002l804099mmy8a,cmq4tubg50001jv04zkahc11j,true,true,2026-06-08 13:37:51.833
b4d60a6d-50bc-4c81-975d-3d27a5512c80,cmpv4kd6q0003js04xv2qx3oc,cmpigctvg0000i60456sxp4gt,false,true,2026-06-01 11:28:08.642
b4e42d97-bc98-499d-a234-4066ad1c2221,cmpvenips0002la04j90ifl8g,cmpigctvg0000i60456sxp4gt,false,true,2026-06-01 16:10:31.937
b5b3acf4-c810-41a9-85ca-89f44e8de66b,cmpjrrewk0002ky04afr3w9sg,cmpigctvg0000i60456sxp4gt,false,true,2026-05-24 12:44:14.516
b5d31bf2-e1a7-40ef-9ac1-177a26a82c53,cmsd0da4p0002k00453ydgnsg,cms05m2qh0000l5045gmughkm,true,true,2026-08-03 09:09:55.465
b66b6e08-7a65-4d1b-a929-99050b9eb6dc,cmri0bh900002l704hfdhlplg,cmr4qaf4s0000lb04ubn1ktlo,false,true,2026-07-12 16:27:39.924
b6e0b1a4-efcb-49d3-9bf0-5184781f7c65,cmsag3gfi0002lb0495m9tmq3,cms05m2qh0000l5045gmughkm,false,true,2026-08-01 14:06:52.399
b6e22e4a-67ae-456d-bd30-bc853e74198e,cmpybwntd0003jp04glrws246,cmpigctvg0000i60456sxp4gt,false,true,2026-06-03 17:16:58.129
b722ede6-78ad-4bf6-9587-a3e21f88e522,cmq7pufl60002kz04ksi33a9l,cmq4tubg50001jv04zkahc11j,true,true,2026-06-10 06:57:04.362
b7455a7d-4442-4a41-973d-767a6e8ea956,cmphyqt060002jr046lkidbtd,cmpblfjl10000l204e2inoxr5,false,true,2026-05-23 06:27:55.004
b7f1823c-f9d4-4a39-9631-5f4a8f24c28e,cmpuxxzvu0002l204641cc231,cmpigctvg0000i60456sxp4gt,false,true,2026-06-01 08:22:47.047
b8c784fb-a1cb-4265-a40b-8cba4c0e9e7d,cmqxgs00b0002id0491i5z2sd,cmqmenrlp0000jv04j1xly1hq,false,true,2026-06-28 07:25:14.891
ba51590e-0ad8-4195-a574-598e5f3ae209,cmrps2onf0002jj04kkiif361,cmrj4maoy0000jp04azdi1kbb,true,true,2026-07-18 02:59:02.091
baabd16a-286e-483c-afa1-04fe05e56ad0,cmq68gaer0002ld0449wuujjr,cmq4tubg50001jv04zkahc11j,true,true,2026-06-09 06:02:24.819
babbcd6c-8205-473e-811b-63b2a27ce6e3,cmsda67kh0002js04hvlm1wpb,cms05m2qh0000l5045gmughkm,true,true,2026-08-03 13:44:21.714
bb143cfb-5217-4b33-ae07-1362ec3c3fa3,cmqhw2wwr0002l804d5v6se3i,cmq4trtgc0000jv04zb4ys2rm,true,true,2026-06-17 09:49:19.515
bb47ed57-dfda-4cc8-b304-7bdb13d4289e,cmsg1j6ys0002jp04lmb4zlpi,cmsfw0h6g0003l804o6nzmp6m,true,true,2026-08-05 12:05:49.444
bc5d06df-da31-4344-b81d-2f16bb82bfcd,cmpzqdc8d0002lb04n5rcwub3,cmpigctvg0000i60456sxp4gt,false,true,2026-06-04 16:49:37.069
bcb0dafb-5e9c-46df-ae53-0e79aba86647,cmq1xryhf0002l704ycez30nv,cmpigctvg0000i60456sxp4gt,false,true,2026-06-06 05:52:28.756
bcf1b2d0-94a3-4a51-b14d-58f686de511c,cmsm6bcyc0002ld04c5rnrjw7,cmsfw0h6g0003l804o6nzmp6m,true,true,2026-08-09 19:06:19.093
bdb91416-af94-418f-986b-6242d6837d88,cms5qzsf50002l604hwybcamz,cmrx1uju40000l90434dr22kr,false,true,2026-07-29 07:13:06.21
be1f136d-11ac-4336-83b4-d5bc69950018,cmpvplyxq0003l504a3nuhkxt,cmpigctvg0000i60456sxp4gt,false,true,2026-06-01 21:17:15.423
be573281-b1da-410b-8833-b7ac6db873c3,cmsmd47980002l2042t3naitl,cmsfw0h6g0003l804o6nzmp6m,false,true,2026-08-09 22:16:42.428
bff78cd2-09c6-4eec-ad04-842e6cf56450,cmrhkucnz0002l5040j3nfu4b,cmr4qaf4s0000lb04ubn1ktlo,true,true,2026-07-12 09:14:26.591
c1bb967a-4aea-4555-8461-f8d1b10c9c5d,cmski5r410002ld04wcqnotsa,cmsfw0h6g0003l804o6nzmp6m,true,true,2026-08-08 15:02:20.546
c222c24d-7263-4f49-b5ba-750c6c2794b5,cmrtfmtp80002i904ohjczx63,cmrj4maoy0000jp04azdi1kbb,false,true,2026-07-20 16:21:51.453
c27ab7c6-ce25-4edb-8df8-622b95673d38,cmrzw3c5h0002l204vs6e3gvq,cmrx1uju40000l90434dr22kr,false,true,2026-07-25 04:49:12.773
c4ecff29-49ff-4648-b9eb-f7f6812ddb89,cmq6kfsp10002l504nm7lgd79,cmq4tubg50001jv04zkahc11j,true,true,2026-06-09 11:37:57.253
c5d21012-3f90-4db4-9de4-46410297ce6e,cmqdmc5050002l1045cd8aey1,cmq4trtgc0000jv04zb4ys2rm,true,true,2026-06-14 10:05:29.045
c5e8602e-8461-4b93-ab53-958f6cef07c3,cmsenpt5z0002la04vgnmoinr,cms05m2qh0000l5045gmughkm,false,true,2026-08-04 12:51:17.351
c63755d9-37d1-4c25-b193-28a993d9ed81,cmpxzo0oi0002ib043ntagxmi,cmpigctvg0000i60456sxp4gt,false,true,2026-06-03 11:34:19.507
c68bd55b-5a74-42e2-9c3b-22f55643bf23,cmrzc8oxb0002l504yssk4qf5,cmrx1uju40000l90434dr22kr,false,true,2026-07-24 19:33:30.287
c6de245a-8e62-459e-b38d-4589c7b260de,cmpfdiqtf0002js04gfa4jizo,cmpcajvdb0000l504o20iut2j,true,true,2026-05-21 10:54:30.723
c829b573-1543-4645-8a0c-fa90eb1fedb7,cmqo6o3am0002jn04bx7bfxtc,cmqmenrlp0000jv04j1xly1hq,true,true,2026-06-21 19:32:20.782
c86d83cf-5f8c-4080-a3dd-b09e803bd065,cmq587row0005l5043k6sk2iy,cmq4tubg50001jv04zkahc11j,true,true,2026-06-08 13:08:01.136
c8a8f1e0-f416-4427-abbb-aa921a291115,cmrhfqpvh0002h2047gd0r61w,cmr4qaf4s0000lb04ubn1ktlo,false,true,2026-07-12 06:51:37.488
cd3e994a-6132-4ec2-9ddb-03ee2f2e5c13,cmqw0qidf0002l2049ns5r3gz,cmqmenrlp0000jv04j1xly1hq,false,true,2026-06-27 07:08:25.347
cd93d97e-f345-4185-8db3-24d223e4e84e,cmsq8guly0005l1049ifr4uhd,cmsfw0h6g0003l804o6nzmp6m,false,true,2026-08-12 15:17:39.19
cdde4e84-d7ee-4445-8ecc-0c5fa3edd7a1,cmslmdk3u0002jm04dmbmgogi,cms05rk2r0000la04eucpumzy,false,true,2026-08-09 09:48:09.354
cmpcnxsh10001v5gwxjqau0ca,cmpcekpwr0002l805vyuanpoh,cmpcajvdb0000l504o20iut2j,true,true,2026-05-19 13:22:50.341
cmpcnxsxa0003v5gwrht0cj9q,cmpcec0sk0002ib04jec0wlu4,cmpcajvdb0000l504o20iut2j,true,true,2026-05-19 13:22:50.926
cmpcnxtdd0005v5gwjs0rltj5,cmpccd2kl0008ky04tr8zen45,cmpcajvdb0000l504o20iut2j,true,true,2026-05-19 13:22:51.505
cmpcnxttg0007v5gwmvk79nhc,cmpccafuj0002l8049knljo72,cmpcajvdb0000l504o20iut2j,true,true,2026-05-19 13:22:52.085
cmpcnxu9f0009v5gwfczw5ixx,cmpcc9eg90005ky04mfbi7532,cmpcajvdb0000l504o20iut2j,true,true,2026-05-19 13:22:52.659
cmpcnxupe000bv5gwmc5oi605,cmpcc93v10002ky04cuhox5pi,cmpcajvdb0000l504o20iut2j,true,true,2026-05-19 13:22:53.235
cmpcnxv5e000dv5gwdm5dfsh7,cmpcayz810002l704ahl7pfkl,cmpcajvdb0000l504o20iut2j,true,true,2026-05-19 13:22:53.81
cmpcnxvld000fv5gwjcsbplv4,cmpceo5av0005l8054aoaovz1,cmpcajvdb0000l504o20iut2j,true,true,2026-05-19 13:22:54.385
cmpcnxw1p000hv5gwvidxre6e,cmpcfjanj0002l7046vo97cz0,cmpcajvdb0000l504o20iut2j,true,true,2026-05-19 13:22:54.973
cmpcnxwhr000jv5gwi4ov4chv,cmpcfncys0002l80451gm6d16,cmpcajvdb0000l504o20iut2j,true,true,2026-05-19 13:22:55.551
cmpcnxwxo000lv5gw7n4voewl,cmpcfva240002l204mxvo9zo3,cmpcajvdb0000l504o20iut2j,true,true,2026-05-19 13:22:56.125
cmpcnxxds000nv5gw87nnfrio,cmpcfujpj0005l804yp2bk51l,cmpcajvdb0000l504o20iut2j,true,true,2026-05-19 13:22:56.704
cmpcnxy9p000rv5gwq5rr1xa0,cmpcgfqor0002jr04zekffxi7,cmpcajvdb0000l504o20iut2j,true,true,2026-05-19 13:22:57.854
cmpcnxypj000tv5gw178jd2y2,cmpcjwqok0002la04do4dapf7,cmpblfjl10000l204e2inoxr5,true,true,2026-05-19 13:22:58.424
cmpcnxz5h000vv5gw22rk605v,cmpck7y6m0005la04zpwmuep3,cmpblfjl10000l204e2inoxr5,true,true,2026-05-19 13:22:58.997
cmpcny0xe0013v5gw1ods1dew,cmpcn6der0002kt04atr8glyq,cmpblfjl10000l204e2inoxr5,true,true,2026-05-19 13:23:01.298
cmpcpcan90004la04flznc12t,cmpcpcan90002la04lqe9foi0,cmpblfjl10000l204e2inoxr5,true,true,2026-05-19 14:02:06.693
d0ac1a15-7b1f-4576-9a43-c02f4cf39461,cmpzd8sex0002l1040te83ioc,cmpigctvg0000i60456sxp4gt,false,true,2026-06-04 10:42:09.753
d2c67a58-9b2b-4d60-be53-7f33f198cbab,cmsn23bde0002l5040nhq6q39,cmsfw0h6g0003l804o6nzmp6m,false,true,2026-08-10 09:55:51.506
d303a66b-1adc-4b77-8ba5-5f2dc48739f5,cmpjg4hx00002ky044bp5zel9,cmpigctvg0000i60456sxp4gt,false,true,2026-05-24 07:18:29.556
d44fb2a1-fafe-4e8e-b3b4-5e8ec6d31bd1,cmsfqwyb00002l204lahvfuaq,cms05m2qh0000l5045gmughkm,false,true,2026-08-05 07:08:35.629
d4559fbb-54a0-413c-bf5a-18dd92b3cd31,cmsd07s3b0002jx0492kas300,cms05m2qh0000l5045gmughkm,true,true,2026-08-03 09:05:38.808
d504eb81-2132-49d8-8ac3-5920663a5454,cmq58hlxk0002la04ltnyvt5p,cmq4tubg50001jv04zkahc11j,true,true,2026-06-08 13:15:40.232
d567d90c-b797-4624-a4ef-f87d80d309dd,cmpqoyvzr0002ie04osi5247q,cmpigctvg0000i60456sxp4gt,false,true,2026-05-29 09:00:27.639
d5b42eb7-a40f-42af-b442-02b98626b6b0,cmsnc338d0004js04c8mjyni5,cmsfw0h6g0003l804o6nzmp6m,false,true,2026-08-10 14:35:37.117
d787a275-e0f3-4134-a58f-f5b90b67e090,cmrnbv9090002jx04gp9ksdqg,cmrj4maoy0000jp04azdi1kbb,true,true,2026-07-16 09:49:49.017
d89287c9-22c1-4d1b-b26b-647e18724f3e,cmrykw5lv0002jr04ju7w6e1r,cmrx1uju40000l90434dr22kr,true,true,2026-07-24 06:47:55.747
da3008ac-e357-4792-8c55-bcbba67d3ca4,cmpqyv4zy0002l204ydf94r5f,cmpigctvg0000i60456sxp4gt,false,true,2026-05-29 13:37:28.846
dd139702-8f77-4047-ae96-24cb043649d2,cmqpliv7p0002jr04hfbybqwu,cmqmenrlp0000jv04j1xly1hq,true,true,2026-06-22 19:15:57.445
dd3c7f0d-edc7-4f16-b84a-8c19d8908de6,cmretzszs0002jr04c64dwjom,cmr4qaf4s0000lb04ubn1ktlo,false,true,2026-07-10 11:07:19.048
df7a14f9-d201-4fe1-bf3e-d04c697b050c,cmpe61mur0005kz04b03uoewv,cmpblfjl10000l204e2inoxr5,true,true,2026-05-20 14:37:28.947
e106bf4a-37ce-4174-a19b-d1234015bf52,cmpv4odui0002jx04lo69o2ky,cmpigctvg0000i60456sxp4gt,false,true,2026-06-01 11:31:16.123
e28c2394-1c0b-423e-9d64-77b067bdd447,cmqdlpj0o0002ju04ditvvkck,cmq4trtgc0000jv04zb4ys2rm,true,true,2026-06-14 09:47:54.121
e29c2b99-0436-4260-959e-bd7c898523da,cms3wr2z00002ld04542exudo,cmrx1uju40000l90434dr22kr,false,true,2026-07-28 00:18:45.325
e58cf677-8de4-451c-bcc2-c6a2a49bd270,cmr3ji7gf0002l104ats06p6m,cmqw8vwhi0000jp041gsg24q8,false,true,2026-07-02 13:28:13.888
e5b5f25c-68ac-4b24-8daa-d1adf118b0bd,cmrib4fh70002jx04xa6612bq,cmqs86s2h0000jr04ir8qdft8,true,true,2026-07-12 21:30:06.811
e673d75b-4cdd-4659-9a5c-8c7e23d54f9c,cmpco26ij0002l104bval1h87,cmpblfjl10000l204e2inoxr5,true,true,2026-05-20 14:36:54.211
e72bd9eb-a6bd-4d2b-a244-ef1a55d3d823,cmslytdof0002jt043i52itzm,cmsfw0h6g0003l804o6nzmp6m,false,true,2026-08-09 15:36:22.911
e8cf228b-fed1-45ef-b42c-62b586913263,cmrvc8d3w0002jq04j4qfiriw,cmrj4maoy0000jp04azdi1kbb,false,true,2026-07-22 00:22:10.268
e9ac6f94-c602-4fb4-a711-96a1aa571767,cmpu3ceco0002k104577kip7v,cmpigctvg0000i60456sxp4gt,false,true,2026-05-31 18:06:11.112
e9e7dfc2-b8d4-4d3d-aa12-0763cd513614,cmrpy22r80002k20414kf9bdj,cmrj4maoy0000jp04azdi1kbb,false,true,2026-07-18 05:46:31.413
edc59b3f-a8c1-4ece-9f2d-232171388433,cmpwanvzk0002l104we915t7w,cmpigctvg0000i60456sxp4gt,false,true,2026-06-02 07:06:36.848
ee5f075b-d21a-45a5-bf72-89bf60ecc640,cmpcfujpj0005l804yp2bk51l,cmpblfjl10000l204e2inoxr5,true,true,2026-05-22 10:06:20.369
f20b95a8-39dc-4255-b8ec-b2a176ef7701,cmsgxfe8t0002k004bzohaddc,cmsfw0h6g0003l804o6nzmp6m,true,true,2026-08-06 02:58:39.965
f20d0ddc-7cb4-4dc9-816b-220d301f5b65,cmpwy0x440005jo046ntx45fi,cmpigctvg0000i60456sxp4gt,false,true,2026-06-02 18:00:36.005
f4cc13d1-c071-47c2-9e12-23ab737ac953,cmryn4b5b0002i50463bw6pik,cmrx1uju40000l90434dr22kr,false,true,2026-07-24 07:50:15.407
f5e96abd-601e-41fb-9b3a-b82fe69e1f17,cmr8qt19u0002ju04vi7hgciv,cmr4qaf4s0000lb04ubn1ktlo,false,true,2026-07-06 04:51:27.282
f66be753-5e4e-4615-9ad8-d2f528cc9747,cmrw01sef0005l604eem0yvbi,cmrj4maoy0000jp04azdi1kbb,false,true,2026-07-22 11:28:54.279
f6b1ba0f-c475-4279-b05d-a66c9b73ca12,cmqs0q5ld0002lg040yvxwcar,cmqmenrlp0000jv04j1xly1hq,true,true,2026-06-24 11:57:04.081
f89ba19c-f7ce-49ef-9457-e72a2e7607aa,cmpqw1vf30002l504w8sd4ka6,cmpigctvg0000i60456sxp4gt,false,true,2026-05-29 12:18:44.175
f96b6f23-62a2-450c-83de-45f9f54c4652,cms2xz7h50005js04y6f6yjlt,cmrx1uju40000l90434dr22kr,false,true,2026-07-27 08:05:17.849
fc0a1627-f483-4594-83a7-816c6c8c3821,cmpzdu3qq0002jp044gzs9x6d,cmpigctvg0000i60456sxp4gt,false,true,2026-06-04 10:58:44.21
fc8bf126-132e-41fc-b817-c237a6b2f41c,cmpuzip100002if04omez54kl,cmpigctvg0000i60456sxp4gt,false,true,2026-06-01 09:06:52.596
fc8de53d-663f-48cc-98d9-16f1b27ff0c8,cmphlokfx0002ie045f9swd5n,cmpcajvdb0000l504o20iut2j,false,true,2026-05-23 00:18:31.677
fcd0ae13-986d-4e4d-be6d-6d5a4600f982,cmq1flx660002jj04po1hmpza,cmpigctvg0000i60456sxp4gt,false,true,2026-06-05 21:23:54.03
fd24f3cd-3393-4e20-b7a4-7e160b807127,cmrtgyu450004jo046ydzj1bu,cmrj4maoy0000jp04azdi1kbb,true,true,2026-07-20 16:59:11.477
fdda6ea2-4d5f-4170-a5d6-962956b8bf91,cms8r3gug0002jr0418htq7ug,cms05m2qh0000l5045gmughkm,true,true,2026-07-31 09:39:16.36
fe3be183-cb18-4839-9149-32221c192fd2,cmr4qetkg0003lb04h7lyko6j,cmqw8vwhi0000jp041gsg24q8,false,true,2026-07-03 09:29:19.409
fee9062d-6a4e-4049-91c5-d0b3eff374fd,cmspx0lj60002l204mnhjilg2,cmsfw0h6g0003l804o6nzmp6m,true,true,2026-08-12 09:57:05.154