id,title,slug,excerpt,content,coverImage,author,published,createdAt,updatedAt
cmsfw6ml40000jr04g0h6np91,Pakistan Removed from the War Risk List: What It Means for Importers & Exporters,pakistan-removed-from-the-war-risk-list-what-it-means-for-importers-exporters,"Pakistan has been removed from the Lloyd's War Risk List, reducing shipping insurance costs and improving opportunities for importers and exporters. Learn how this decision benefits Pakistan's international trade.","# Pakistan Removed from the War Risk List: What It Means for Importers & Exporters

Pakistan has achieved a major milestone for its import and export industry. After years of being listed as a war-risk maritime area, Pakistan has officially been removed from the Lloyd's Joint War Committee (JWC) War Risk List. This decision is expected to reduce shipping costs, improve international confidence, and strengthen Pakistan's global trade competitiveness.

---

## What is a War Risk List?

The War Risk List identifies maritime areas where ships may face higher risks due to war, terrorism, piracy, or political instability. Ships entering these regions usually pay additional war risk insurance premiums.

These additional insurance charges ultimately increase freight costs for importers and exporters.

---

## Why is Pakistan's Removal Important?

Being removed from the War Risk List means international shipping companies no longer have to pay additional war risk insurance for voyages to Pakistan.

This creates several advantages for businesses involved in international trade.

### Key Benefits

- Lower marine insurance premiums
- Reduced shipping and freight costs
- Better confidence among international shipping lines
- Increased competitiveness of Pakistani exports
- Improved image of Pakistan's ports
- More attractive destination for foreign buyers and investors

---

## Benefits for Exporters

Pakistani exporters can now offer more competitive prices to international buyers.

Industries expected to benefit include:

- Rice
- Textiles
- Surgical Instruments
- Sports Goods
- Mangoes
- Citrus Fruits
- Pink Salt
- Minerals
- Leather Products

Lower logistics costs help exporters improve profit margins and win more international contracts.

---

## Benefits for Importers

Importers are also expected to benefit through:

- Reduced freight charges
- Lower landed cost of imported goods
- Better supply chain efficiency
- Reduced import expenses for machinery and raw materials

---

## Will Shipping Rates Drop Immediately?

Not necessarily.

Although war risk insurance charges may decrease, overall freight rates still depend on several global factors such as:

- Fuel prices
- Container availability
- Global shipping demand
- Port congestion
- International geopolitical events

Businesses should continue comparing freight quotations before booking shipments.

---

## Impact on Pakistan's Economy

Lower logistics costs improve Pakistan's export competitiveness in global markets. This development can encourage higher trade volumes, increase investor confidence, and strengthen Pakistan's position as a reliable trading partner.

---

## Final Thoughts

Pakistan's removal from the Lloyd's War Risk List is excellent news for the country's import and export sector. Reduced insurance costs, improved confidence among international shipping companies, and stronger competitiveness will help Pakistani businesses expand into global markets more effectively.

For exporters and importers alike, this is a positive step toward lower costs and greater international trade opportunities.

---

### Keywords

Pakistan War Risk List, Pakistan Shipping News, Pakistan Export News, Import Export Pakistan, Marine Insurance Pakistan, Freight Charges Pakistan, Karachi Port, Port Qasim, Pakistan Trade, Export Business Pakistan",https://hrsbmvndbddirmpegrii.supabase.co/storage/v1/object/public/blog-images/blog-1785943453118-pakistan-war-risk-removed-80kb.webp,Penta Peaks Team,true,2026-08-05 09:36:04.788,2026-08-05 15:24:18.959
cmsg8eu1l0000la04rkuo482s,How to Start an Import & Export Business in Pakistan (Complete Guide 2026),how-to-start-an-import-export-business-in-pakistan-complete-guide-2026,"Learn how to start an import and export business in Pakistan with this complete beginner's guide. Discover required documents, export process, finding international buyers, shipping methods, and expert tips to grow your business globally.","# How to Start an Import & Export Business in Pakistan (Complete Guide 2026)

International trade is one of the fastest-growing industries in the world. Every year, Pakistan exports billions of dollars worth of agricultural products, textiles, sports goods, surgical instruments, minerals, seafood, and processed foods to international markets.

Whether you are a farmer, manufacturer, trader, or entrepreneur, exporting can help you expand your business, earn foreign currency, and build long-term relationships with buyers worldwide.

---

# Why Start an Export Business?

Exporting offers several advantages:

- Higher profit margins
- Access to international buyers
- Foreign currency earnings
- Business expansion opportunities
- Government export incentives
- Strong global demand for Pakistani products

---

# Pakistan's Top Export Products

Pakistan exports a wide range of products, including:

- Basmati Rice
- Mangoes
- Sesame Seeds
- Potatoes
- Onions
- Himalayan Pink Salt
- Textiles & Garments
- Surgical Instruments
- Sports Goods
- Leather Products
- Seafood
- Fresh Fruits & Vegetables
- Rock Phosphate
- Quartz

---

# Documents Required for Export

Before exporting products, businesses generally require:

- National Tax Number (NTN)
- Company Registration
- Chamber of Commerce Membership
- Pakistan Single Window (PSW) Registration
- Commercial Invoice
- Packing List
- Certificate of Origin
- Bill of Lading
- Form-E
- Phytosanitary Certificate (for agricultural exports)
- Fumigation Certificate (where applicable)

---

# Step-by-Step Export Process

## 1. Choose the Right Product

Select products with consistent international demand and reliable supply.

## 2. Register Your Business

Complete all legal registrations and export-related memberships.

## 3. Find International Buyers

Buyers can be found through:

- Trade exhibitions
- LinkedIn
- B2B marketplaces
- Trade directories
- Business referrals

## 4. Negotiate the Deal

Discuss:

- Product specifications
- Quantity
- Pricing
- Packaging
- Shipping terms
- Payment method

## 5. Prepare Export Documents

Ensure all documents match your shipment accurately.

## 6. Arrange Shipping

Depending on the product, choose:

- Sea Freight
- Air Freight
- Land Transport

## 7. Customs Clearance

Complete export customs procedures before shipment.

## 8. Receive Payment

Common payment methods include:

- Letter of Credit (LC)
- Telegraphic Transfer (TT)
- Advance Payment
- Documentary Collection

---

# Major Export Markets

Pakistani exporters frequently ship products to:

- United Arab Emirates
- Saudi Arabia
- Qatar
- Oman
- Kuwait
- Bahrain
- United Kingdom
- Germany
- Netherlands
- United States
- Canada
- China
- Malaysia

---

# Common Challenges

New exporters often face:

- Finding genuine buyers
- Export documentation
- Freight costs
- International payments
- Customs procedures
- Product quality standards

Understanding these challenges helps businesses avoid costly mistakes.

---

# Tips for Successful Exporting

- Maintain consistent product quality.
- Verify buyers before finalizing deals.
- Use professional packaging.
- Understand Incoterms.
- Respond quickly to buyer inquiries.
- Stay updated with global trade regulations.

---

# Why Choose PentaPeaks International?

At **PentaPeaks International**, we help businesses grow globally by providing:

- Export Consultation
- Import & Export Training
- Documentation Guidance
- Buyer Sourcing
- Freight Assistance
- International Trade Support

Whether you're starting your first export shipment or expanding your business internationally, our experienced team can guide you through every step of the process.

---

# Final Thoughts

The import and export industry offers tremendous opportunities for Pakistani businesses. With the right product, proper documentation, reliable buyers, and a clear understanding of international trade, you can successfully enter global markets and build a profitable export business.

Start your export journey today and take your business beyond borders.",https://hrsbmvndbddirmpegrii.supabase.co/storage/v1/object/public/blog-images/blog-1785943096989-import-export-blog-cover-80kb.webp,Penta Peaks Team,true,2026-08-05 15:18:23.197,2026-08-05 15:18:23.197
cmsg97hns0001la04figavflu,How to Find International Buyers for Export from Pakistan (Complete Guide 2026),how-to-find-international-buyers-for-export-from-pakistan-complete-guide-2026,"Learn the best ways to find genuine international buyers for Pakistani export products. Discover B2B websites, LinkedIn strategies, trade fairs, email outreach, and expert tips to grow your export business.","# How to Find International Buyers for Export from Pakistan (Complete Guide 2026)

Finding genuine international buyers is one of the biggest challenges for new exporters. Many businesses have high-quality products but struggle to reach buyers in global markets. Fortunately, with the right strategy and digital tools, exporters can connect with importers worldwide.

---

## Why Buyer Research Matters

A successful export business starts with genuine buyers. Working with verified importers reduces payment risks and helps build long-term business relationships.

Benefits include:

- Higher sales
- Repeat orders
- Better pricing
- Long-term partnerships
- Global business growth

---

## Best Ways to Find International Buyers

### 1. B2B Marketplaces

Register your company on international B2B platforms where buyers actively search for suppliers.

Popular examples include:

- Alibaba
- Tradekey
- Global Sources
- Made-in-China
- EC21

---

### 2. LinkedIn

LinkedIn is one of the most powerful tools for exporters.

Search for:

- Import Manager
- Purchasing Manager
- Procurement Officer
- Buying House
- Food Importer

Send professional connection requests and personalized messages.

---

### 3. Google Search

Use search operators like:

```
Rice Importers UAE

Sesame Importers Germany

Mango Importers Saudi Arabia

Potato Importers Malaysia
```

Visit company websites and collect contact details.

---

### 4. Trade Exhibitions

International trade fairs help exporters meet buyers face-to-face.

Benefits include:

- Networking
- Product showcasing
- Business negotiations
- Market research

---

### 5. Trade Associations

Many countries maintain importer directories through chambers of commerce and trade organizations.

---

## Verify Every Buyer

Before signing any contract:

- Verify company registration.
- Check website.
- Review LinkedIn profile.
- Confirm business address.
- Request trade references.

---

## Prepare Professional Documents

Always keep these documents ready:

- Company Profile
- Product Catalogue
- Price List
- Commercial Invoice
- Packing List
- Certifications

---

## Products with High Export Demand

Pakistan has strong export potential in:

- Rice
- Mangoes
- Sesame Seeds
- Potatoes
- Onions
- Himalayan Pink Salt
- Sports Goods
- Surgical Instruments
- Textiles
- Leather Products

---

## Common Mistakes

Avoid these mistakes:

- Sending generic emails
- Not following up
- Poor product photos
- Unprofessional quotations
- Ignoring buyer requirements

---

## Final Thoughts

Finding international buyers takes consistency and professionalism. By using B2B platforms, LinkedIn, Google research, and trade exhibitions, Pakistani exporters can successfully connect with global buyers and grow their export business.

Businesses that focus on quality, communication, and trust are more likely to build long-term international partnerships.

---

# Need Verified International Buyers?

Finding genuine buyers is one of the biggest challenges for new exporters. At PentaPeaks International, we maintain a database of verified international buyers across multiple industries, including agricultural commodities, food products, minerals, textiles, and other export sectors. We also offer buyer sourcing assistance to help businesses connect with potential importers and expand into global markets.

Our services include:

- Verified international buyer database
- Buyer sourcing assistance
- Company profile preparation
- Export documentation guidance
- Freight & logistics support
- Import & Export consultancy

If you're looking for verified buyers for your products, our team is ready to assist you.

**📱 WhatsApp:** +92 308 6222283  
**🌐 Website:https://pentapeaks.com
**📧 Email:** info@pentapeaks.com",https://hrsbmvndbddirmpegrii.supabase.co/storage/v1/object/public/blog-images/blog-1785944433792-PentaPeaks-Trade-Portal-80KB.webp,Penta Peaks Team,true,2026-08-05 15:40:40.36,2026-08-05 15:40:40.36
cmsgbkyyj0000ky04whpm36g4,How to Export Rice from Pakistan | Complete Rice Export Guide 2026,how-to-export-rice-from-pakistan-complete-rice-export-guide-2026,"Learn how to export rice from Pakistan with this complete 2026 guide. Discover export documentation, finding international buyers, HS codes, shipping methods, packaging, and expert tips for building a successful rice export business.","# How to Export Rice from Pakistan (Complete Guide 2026)

Pakistan is one of the world's leading rice exporters, supplying premium-quality Basmati and non-Basmati rice to international markets. With growing global demand, rice exports offer excellent opportunities for traders, manufacturers, and entrepreneurs looking to expand into international trade.

This guide explains the complete rice export process from Pakistan, including documentation, buyer sourcing, shipping, packaging, payment methods, and expert tips.

---

# Why Export Rice from Pakistan?

Pakistani rice is recognized worldwide for its aroma, quality, and competitive pricing. Countries in the Middle East, Europe, North America, and Africa regularly import rice from Pakistan.

Benefits of exporting rice include:

- High international demand
- Strong export potential
- Competitive pricing
- Long-term business opportunities
- Foreign currency earnings

---

# Popular Rice Varieties Exported from Pakistan

Pakistan exports several rice varieties, including:

- 1121 Basmati Steam Rice
- 1121 Basmati Sella Rice
- Super Kernel Basmati Rice
- PK-386 Rice
- IRRI-6 Rice
- IRRI-9 Rice
- Brown Rice
- White Rice

Each variety has different demand depending on the destination market.

---

# Documents Required for Rice Export

Before exporting rice, ensure you have the necessary documentation:

- National Tax Number (NTN)
- Company Registration
- Chamber of Commerce Membership
- Pakistan Single Window (PSW) Registration
- Commercial Invoice
- Packing List
- Certificate of Origin
- Bill of Lading
- Form-E
- Phytosanitary Certificate
- Fumigation Certificate (if required)

Accurate documentation ensures smooth customs clearance and timely delivery.

---

# Step-by-Step Rice Export Process

## 1. Register Your Export Business

Complete all legal registrations required for exporting from Pakistan.

---

## 2. Source High-Quality Rice

Purchase rice from reliable mills and suppliers that maintain international quality standards.

---

## 3. Find International Buyers

You can find buyers through:

- B2B marketplaces
- LinkedIn
- Trade exhibitions
- Importer directories
- Chambers of Commerce
- Trade portals

---

## 4. Negotiate Export Terms

Discuss with the buyer:

- Rice variety
- Quantity
- Packaging
- Price
- Delivery terms (FOB/CIF/CFR)
- Payment method

---

## 5. Prepare Export Documents

Ensure all shipping documents match the purchase order and export regulations.

---

## 6. Book Freight

Depending on the destination, rice can be exported through:

- Sea Freight (most common)
- Air Freight (urgent shipments)

---

## 7. Customs Clearance

Submit all export documents through Pakistan Single Window (PSW) and complete customs procedures.

---

## 8. Receive Payment

Common payment methods include:

- Letter of Credit (LC)
- Telegraphic Transfer (TT)
- Advance Payment

Always choose secure payment terms, especially when dealing with new buyers.

---

# Rice Packaging Options

Common export packaging includes:

- 1 KG
- 2 KG
- 5 KG
- 10 KG
- 20 KG
- 25 KG
- 50 KG PP Bags
- Private Label Packaging

Packaging requirements may vary depending on buyer preferences and destination country.

---

# Top Rice Export Markets

Pakistani rice is exported to:

- Saudi Arabia
- United Arab Emirates
- Qatar
- Oman
- Kuwait
- Bahrain
- United Kingdom
- Germany
- Netherlands
- United States
- Canada
- Malaysia
- China

---

# Tips for Successful Rice Export

- Maintain consistent quality.
- Use moisture-controlled packaging.
- Verify international buyers before signing contracts.
- Understand Incoterms.
- Ensure timely shipment.
- Build long-term relationships with buyers.

---

# Need Verified International Rice Buyers?

Finding genuine rice buyers can be challenging for new exporters. At **PentaPeaks International**, we provide access to a database of verified international buyers and offer buyer sourcing assistance for exporters looking to grow their business globally.

Our services include:

- Verified Rice Buyers Database
- Buyer Sourcing Assistance
- Export Documentation Support
- Freight & Logistics Guidance
- Import & Export Consultancy
- One-on-One Export Training

📱 **WhatsApp:** +92 308 6222283

Whether you're exporting your first container or expanding into new markets, our team is here to support your export journey.

---

# Final Thoughts

Rice remains one of Pakistan's strongest export products. By understanding the export process, maintaining product quality, preparing accurate documentation, and connecting with reliable international buyers, businesses can build a profitable and sustainable rice export business.

Start your rice export journey today and take your business to international markets with confidence.",https://hrsbmvndbddirmpegrii.supabase.co/storage/v1/object/public/blog-images/blog-1785948422981-PentaPeaks-Rice-Export-Blog-80KB.webp,Penta Peaks Team,true,2026-08-05 16:47:08.338,2026-08-05 16:47:08.338
cmsooafwx0000jr04iab6vgh5,How to Start an Export Business from Pakistan in 2026 – Complete Step-by-Step Guide,how-to-start-an-export-business-from-pakistan,"Want to start an export business from Pakistan? This complete guide explains how to start exporting, choose profitable products, find international buyers, prepare export documents, receive payments, and ship goods from Pakistan.","# How to Start an Export Business from Pakistan in 2026 – Complete Step-by-Step Guide

Pakistan has a strong export base with products ranging from rice, textiles and sports goods to surgical instruments, fruits, vegetables, leather and minerals. With international demand growing across multiple markets, starting an export business from Pakistan can be a profitable opportunity for new entrepreneurs.

However, exporting is not simply about finding a product and selling it overseas. A successful exporter needs the right product, reliable suppliers, genuine international buyers, proper documentation, secure payment terms and efficient logistics.

In this guide, we explain the complete export process from Pakistan step by step.

## What Is an Export Business?

An export business involves selling products manufactured or sourced in one country to customers or businesses located in another country.

For example, a Pakistani exporter may source 1121 Basmati Rice from a local supplier and sell it to a buyer in the UAE, Saudi Arabia, Qatar, the United Kingdom or the United States.

The exporter manages the commercial transaction, documentation, logistics and shipment while ensuring that the buyer receives the goods according to the agreed specifications.

## Why Start an Export Business from Pakistan?

Pakistan has several industries with strong export potential.

Some of the major export categories include:

- Rice and other agricultural products
- Fruits and vegetables
- Textiles and garments
- Sports goods
- Surgical instruments
- Leather products
- Salt and minerals
- Seafood
- Meat and poultry products
- Industrial and engineering products

One of the biggest advantages for Pakistani exporters is access to competitive manufacturing and agricultural production costs.

The key is not simply finding a cheap product. The real opportunity is finding a product with consistent quality, international demand and healthy profit margins.

## Step 1: Choose the Right Export Product

Product selection is one of the most important decisions in an export business.

Before selecting a product, research:

- International demand
- Target countries
- Competitor prices
- Product specifications
- Minimum order quantities
- Packaging requirements
- Shipping costs
- Import regulations
- Required certificates
- Expected profit margin

For example, Pakistan is internationally known for products such as Basmati Rice, sports goods, surgical instruments, textiles and various agricultural commodities.

Instead of asking:

**""What can I export?""**

Ask:

**""Which product from Pakistan has demand in my target market and can I supply consistently at a competitive price?""**

## Step 2: Find Reliable Suppliers in Pakistan

Once you select your product, the next step is finding a reliable supplier or manufacturer.

A supplier should be evaluated based on:

- Product quality
- Production capacity
- Export experience
- Certifications
- Packaging capability
- Lead time
- Pricing
- Consistency
- Ability to meet international specifications

Never depend only on the supplier's quoted price.

A cheaper supplier with inconsistent quality can result in rejected shipments, customer complaints and financial losses.

## Step 3: Select Your Target Export Market

Do not try to sell everywhere at the beginning.

Choose one or two target markets and understand their requirements.

Important factors include:

- Import regulations
- Buyer demand
- Customs requirements
- Product standards
- Shipping routes
- Duties and taxes
- Payment practices
- Competition

For Pakistani exporters, markets in the Gulf, Europe, North America, Africa and Asia can offer opportunities depending on the product.

## Step 4: Find Genuine International Buyers

Finding genuine buyers is one of the biggest challenges for new exporters.

Potential buyers can be found through:

- B2B platforms
- Importer databases
- Trade fairs
- International distributors
- Wholesale companies
- Supermarkets and retailers
- Direct company research
- Business networking
- LinkedIn and other professional platforms

However, finding a buyer is only the beginning.

You should also verify the buyer's company, business activity, contact information and purchasing requirements before moving forward.

## Step 5: Send a Professional Export Quotation

Once you receive an inquiry, prepare a professional quotation.

Your quotation should clearly mention:

- Product name
- Product specifications
- Quantity
- Packaging
- Price
- Currency
- Incoterm
- Port of loading
- Destination port
- Payment terms
- Estimated lead time
- Offer validity

Common Incoterms used in international trade include:

- FOB
- CFR
- CIF
- EXW

For example, a buyer may ask for a CIF quotation to Hamad Port, Doha, Qatar.

The exporter then needs to calculate the product cost, inland transportation, port charges, freight, insurance where applicable and other relevant costs before providing the final quotation.

## Step 6: Agree on Payment Terms

Payment terms are extremely important in international trade.

Common payment methods include:

- Advance Payment
- Letter of Credit (LC)
- Documentary Collection
- Open Account
- Other agreed trade finance arrangements

For new business relationships, exporters should carefully evaluate the payment risk before accepting an order.

Never focus only on getting the order.

A profitable export transaction is one where the exporter can safely receive payment and deliver the goods according to the agreed contract.

## Step 7: Prepare Export Documentation

Export documentation is a critical part of the shipment process.

Depending on the product and destination, export documents may include:

- Proforma Invoice
- Commercial Invoice
- Packing List
- Bill of Lading
- Certificate of Origin
- Form E
- Phytosanitary Certificate
- Fumigation Certificate
- Health Certificate
- Other product-specific certificates

The exact documentation depends on the commodity, destination country and buyer's requirements.

Incorrect or incomplete documentation can cause delays at customs and destination ports.

## Step 8: Arrange Freight and Shipping

After the order is confirmed, arrange transportation from the supplier or factory to the port and then to the destination.

Pakistan's major maritime gateways include:

- Karachi Port
- Port Qasim

For temperature-sensitive products such as frozen chicken, seafood and other frozen food products, a reefer container may be required.

For example, frozen cargo may require a controlled temperature such as **-18°C**, depending on the product specifications and buyer requirements.

The exporter must coordinate with the shipping line, freight forwarder, supplier and buyer to ensure the shipment is handled correctly.

## Step 9: Customs Clearance and Shipment

Before the cargo is shipped, the required export customs procedures and documentation must be completed.

The shipment is then loaded and transported according to the agreed shipping schedule.

The exporter should carefully verify:

- Container details
- Shipping instructions
- Documentation
- Cargo quantity
- Packaging
- Shipping marks
- Temperature requirements for reefer cargo
- Port and vessel details

## Step 10: Track the Shipment and Complete the Transaction

After shipment, provide the buyer with the relevant shipping documents and tracking information.

Depending on the payment terms, the exporter may need to submit documents through the bank or directly to the buyer.

The transaction is complete when the exporter has successfully delivered the required documents and received payment according to the agreed terms.

# Common Mistakes New Exporters Should Avoid

Many beginners make mistakes because they focus only on finding buyers.

Some common mistakes include:

### 1. Choosing a product without market research

A product may be cheap in Pakistan but have limited demand internationally.

### 2. Accepting an unverified buyer

Always perform proper buyer verification before committing to a large shipment.

### 3. Quoting without calculating logistics

Freight, port charges, inland transportation and other costs can significantly affect your profit.

### 4. Ignoring product specifications

International buyers often have very specific requirements for quality, packaging, labeling and certifications.

### 5. Using unsafe payment terms

Payment risk should always be considered before accepting an order.

### 6. Preparing documents at the last minute

Documentation mistakes can create unnecessary delays and additional costs.

# How Much Money Do You Need to Start an Export Business?

There is no single fixed amount required to start an export business.

Your required capital depends on:

- Product
- Minimum order quantity
- Supplier payment terms
- Buyer payment terms
- Shipping method
- Destination
- Packaging
- Documentation
- Working capital requirements

Some exporters operate on a trading model where they source products after receiving a confirmed buyer order, while others maintain inventory and production capacity.

The business model you choose will determine your capital requirement.

# Final Thoughts

Starting an export business from Pakistan can create access to international markets, but successful exporting requires much more than simply finding a product and a buyer.

You need to understand the complete process:

**Product Selection → Supplier → Market Research → Buyer → Quotation → Payment → Documentation → Logistics → Customs → Shipment → Payment Collection**

If you understand these steps and build reliable relationships with suppliers, buyers and logistics partners, you can build a scalable international trading business from Pakistan.

At **PentaPeaks International**, our goal is to help businesses understand international trade, export documentation, sourcing, buyer identification and the practical export process.

**Ready to explore international trade from Pakistan?**

Learn more about export opportunities, documentation and international trade with PentaPeaks International.",https://hrsbmvndbddirmpegrii.supabase.co/storage/v1/object/public/blog-images/blog-1786453497928-pentapeaks_export_blog_1012x675_under80kb.webp,Penta Peaks Team,true,2026-08-11 13:05:01.511,2026-08-11 13:05:01.511
cmsq1byfc0000l404amqe69sj,"Pakistan Transporters’ Strike 2026: Impact on Trade, Supply Chain & Exports",pakistan-transporters-strike-2026-,"Pakistan’s ongoing transporters’ strike is disrupting the movement of goods across the country, creating challenges for businesses, importers, exporters and supply chains. Here’s what the strike means for Pakistan’s trade and exports.","Pakistan Transporters’ Strike 2026: Impact on Trade, Supply Chain & Exports

Pakistan is currently facing a nationwide transporters’ strike that has disrupted the movement of goods across major routes. The situation is creating concerns for businesses, manufacturers, traders, importers and exporters that depend on road transportation for the movement of their goods.

The strike comes at a time when Pakistan’s supply chains are already under pressure from rising logistics and operating costs.

Why Are Transporters on Strike?

Transporters are protesting over several issues affecting the cost of operating commercial vehicles, including fuel-related expenses, toll charges, taxes, regulatory requirements and other transportation costs.

According to transporters, increasing operating expenses have made it increasingly difficult to run their businesses sustainably.

Government representatives and transporters have held negotiations, but an agreement has not yet resolved the dispute.

How Is the Strike Affecting Businesses?

Road transportation is one of the most important links in Pakistan’s domestic supply chain.

Goods normally move through a chain such as:

Factory → Warehouse → Truck → Distribution Centre → Market

When trucks stop operating, disruption can quickly spread across different sectors.

Manufacturers may face delays in receiving raw materials, wholesalers may experience shortages, and businesses can face additional storage and transportation costs.

Agricultural and perishable products are particularly vulnerable because delays can affect product quality and market value.

Impact on Importers & Exporters

The strike can create additional challenges for Pakistan’s international trade.

For an exporter, the process often looks like:

Factory → Container Stuffing → Inland Transportation → Port → Vessel → International Buyer

If transportation is disrupted at any stage, exporters may face shipment delays.

Potential challenges include:

* Missed port cut-off times
* Container delays
* Additional storage costs
* Detention and demurrage risks
* Higher transportation charges
* Delayed deliveries to international buyers

For products such as rice, fruits, vegetables, meat and other agricultural commodities, timely transportation is especially important.

Why Is This Important for Pakistan’s Exports?

International buyers expect exporters to provide not only competitive prices and quality products but also reliable delivery.

A prolonged transportation disruption can increase logistics costs and make shipment planning more difficult.

For exporters, this highlights an important point:

Finding a buyer is only one part of international trade. Managing the complete supply chain is equally important.

What Should Exporters Do During the Strike?

Businesses with upcoming shipments should stay in close contact with their transporters, clearing agents and shipping lines.

Exporters should:

1. Confirm truck availability before dispatch.
2. Check the latest port and shipping-line cut-off times.
3. Keep international buyers informed about possible delays.
4. Monitor container detention and demurrage exposure.
5. Coordinate with clearing agents before sending containers to the port.
6. Keep shipment documentation ready to avoid additional delays.

The Bigger Lesson for Exporters

Pakistan’s current transport crisis shows how interconnected international trade really is.

A successful export shipment requires coordination between the:

Supplier + Exporter + Transporter + Clearing Agent + Port + Shipping Line + Buyer

A disruption in one part of this chain can affect the entire shipment.

For new exporters, understanding logistics, transportation and shipment planning is therefore just as important as finding genuine international buyers.

Conclusion

Pakistan’s ongoing transporters’ strike is not only a transportation issue. Its effects can extend to manufacturing, domestic markets, supply chains and international trade.

As negotiations continue between the government and transporters, businesses should closely monitor developments and plan their shipments carefully.

For exporters, the key lesson is simple:

Plan ahead. Coordinate with your logistics partners. Keep your buyers informed.

Reliable logistics is one of the foundations of successful international trade.

SEO Meta Title

Pakistan Transporters Strike 2026 | Impact on Trade & Exports

Meta Description

Pakistan’s 2026 transporters’ strike is disrupting supply chains and trade. Learn about its impact on businesses, imports, exports and logistics.

Focus Keywords

Pakistan transporters strike 2026, Pakistan transport strike, transporters strike Pakistan, Pakistan export news, Pakistan logistics, Pakistan supply chain, Pakistan trade, export delays Pakistan",https://hrsbmvndbddirmpegrii.supabase.co/storage/v1/object/public/blog-images/blog-1786535865404-transportation_strike_80kb.webp,Penta Peaks Team,true,2026-08-12 11:57:53.358,2026-08-12 11:57:53.358
cmsq2tmz80000k004aa891zvw,Pakistan Releases Rs10 Billion in Export Refunds: What It Means for Exporters,pakistan-releases-rs10-billion-in-export-refunds-what-it-means-for-exporters,Pakistan has released Rs10 billion in long pending export refunds as the government moves to ease liquidity pressures on exporters and support the country’s export sector.,"Pakistan Releases Rs10 Billion in Export Refunds: What It Means for Exporters

Pakistan’s export sector has received a major development as the government has released Rs10 billion in payments against long-pending export refunds.

The move comes at a critical time for Pakistani exporters, who have been raising concerns about delayed refunds, rising operating costs and the need to improve the country’s competitiveness in international markets.

Why Are Export Refunds Important?

Export refunds are an important part of the cash flow cycle for many businesses.

When exporters pay certain taxes, duties or levies during the production and export process, eligible businesses may later claim refunds or drawback payments under applicable schemes.

When these refunds are delayed for a long period, exporters can face serious liquidity pressure.

Instead of using their money for:

* Purchasing raw materials
* Paying suppliers
* Managing production costs
* Expanding capacity
* Finding new international buyers

Businesses may have significant amounts of capital tied up in pending claims.

Rs10 Billion Released by the Government

The government has now released Rs10 billion against export refund claims that had remained pending for years.

This payment is expected to provide some liquidity relief to exporters and help businesses manage their working-capital requirements.

However, the development also highlights the larger issue of outstanding refund claims within Pakistan’s export sector.

Exporters Still Have Major Concerns

The release is positive, but exporters continue to demand a broader solution to the refund backlog.

In June 2026, exporters reportedly sought a roadmap for clearing Rs327 billion in outstanding refunds, covering areas including sales tax, duty drawback, income tax, DLTL and the Technology Upgradation Fund.

Exporters have also raised concerns about industrial electricity costs and the cross-subsidy applied to certain industrial power tariffs, arguing that higher energy costs reduce their competitiveness in global markets. 

What Could This Mean for Pakistani Exporters?

Faster refund payments can improve exporters’ cash flow.

For a small or medium-sized exporter, better liquidity can make a significant difference.

The additional working capital can potentially be used to:

Buy Raw Materials → Increase Production → Accept More Orders → Export More → Generate More Foreign Exchange

This is particularly important for businesses competing against suppliers from countries where logistics, taxation and financing conditions may be more predictable.

Government’s Focus on Export Growth

The government has also been reviewing export-support mechanisms including the Drawback of Local Taxes and Levies (DLTL), Technology Upgradation Fund (TUF), and Export Facilitation Scheme (EFS).

Officials and business representatives have discussed improving the implementation of these programmes and making export facilitation more effective.

The government has also stated that increasing exports and improving industrial competitiveness remain important economic priorities. (Pakistan Broadcasting Corporation⁠￼)

What Should Exporters Watch Next?

The Rs10 billion payment is a positive development, but exporters should watch whether the government continues clearing the remaining refund backlog.

Key areas to monitor include:

* Pending sales tax refunds
* Duty drawback claims
* DLTL payments
* Technology Upgradation Fund claims
* Export-related tax policies
* Industrial electricity costs
* Export facilitation reforms

A faster and more predictable refund system could help exporters plan their finances with greater confidence.

The Bigger Picture

Pakistan needs more than temporary relief to increase exports.

For sustainable export growth, businesses need:

Competitive Energy + Faster Refunds + Efficient Logistics + Better Trade Policies + Access to Finance + New International Markets

If these areas improve together, Pakistani exporters could become more competitive and expand into new global markets.

Conclusion

The release of Rs10 billion in long-pending export refunds is a positive step for Pakistan’s export sector.

It can provide immediate liquidity relief to businesses, but the much larger challenge is clearing the remaining refund backlog and creating a predictable system for future claims.

For exporters, the message is clear:

Cash flow matters. Competitiveness matters. And timely government support can directly impact Pakistan’s ability to grow exports.

",https://hrsbmvndbddirmpegrii.supabase.co/storage/v1/object/public/blog-images/blog-1786538370677-pentapeaks_export_refunds_short_80kb.webp,Penta Peaks Team,true,2026-08-12 12:39:37.931,2026-08-12 12:39:37.931